Username,Login Time
akashdey,2024-04-19 18:28:26
akashdey,2024-04-19 18:28:59
akashdey,2024-04-19 19:36:01
akashdey,2024-04-19 21:43:11
Smrithirai30,2024-04-19 22:24:44
Akash,2024-04-19 23:13:18
Balaji,2024-04-20 00:58:35
Balaji,2024-04-20 06:02:01
np0148,2024-04-20 06:10:57
akashdey,2024-04-20 16:34:18
akashdey,2024-04-20 17:43:57
shiva,2024-04-20 18:24:20
rahul4right,2024-04-20 22:13:38
jinuCmpl,2024-04-21 20:09:31
akashdey,2024-04-22 11:49:13
akashdey,2024-04-22 11:51:18
Akashdey,2024-04-22 12:20:28
akashdey,2024-04-24 16:19:48
akashdey,2024-04-24 16:25:19
akashdey,2024-04-24 17:45:42
balaji,2024-04-25 07:00:21
Vineeta,2024-04-25 09:56:21
Vineeta,2024-04-25 09:59:31
archit1,2024-04-25 11:41:41
Souvik,2024-04-25 14:37:44
Archit1,2024-04-25 19:15:30
Akashdey,2024-04-26 03:22:15
Souvik,2024-04-27 00:07:22
Souvik,2024-04-27 00:09:02
